Comuna,year,Gasto por Matriculado Mun.,Eficiencia,Matricula Mun.,SIMCE mun.-Mat,Eva. Doc,Pobreza
VALPARAÍSO,2007,563.10114,0.81619471,30598,215.85846,0.57471263,15
VALPARAÍSO,2008,689.91718,0.30244523,28875,220.56123,1.1409943,15
VALPARAÍSO,2009,739.01825,0.68116456,27157,219.98376,1.1619463,15
VALPARAÍSO,2010,923.86206,0.39986908,25572,225.38799,1.0845987,21
VALPARAÍSO,2011,1114.2782,0.55544907,24614,229.86583,1.3322884,21
VALPARAÍSO,2012,1278.1262,0.41077673,22126,226.02312,1.4740108,21
VALPARAÍSO,2013,1389.976,0.63266945,21254,229.50238,2.0610688,16
VALPARAÍSO,2014,1465.8301,0.55748224,20967,228.40114,2.0164301,16
VALPARAÍSO,2015,1668.9508,0.57374704,20346,230.24181,3.6284471,17
VALPARAÍSO,2016,1842.39,0.7021113,19364,234.86015,8.1300812,17
CASABLANCA,2007,776.8949,0.61170477,2931,230.23637,2.919708,15
CASABLANCA,2008,890.09235,0.29589072,2762,237.7171,3.7037036,15
CASABLANCA,2009,985.88477,0.53955638,2647,234.09637,1.9230769,15
CASABLANCA,2010,1069.6471,0.44528449,2496,249.58542,2.0979021,13
CASABLANCA,2011,1241.4608,0.52443582,2320,230.02664,1.5037594,13
CASABLANCA,2012,1318.9004,0.52369541,2269,258.34134,1.4814814,13
CASABLANCA,2013,1474.9514,0.60673106,2287,234.6682,5.9602647,18
CASABLANCA,2014,1697.7665,0.46181923,2162,249.69859,7.9754601,18
CASABLANCA,2015,1917.7407,0.57859796,2102,240.01869,11.949685,20
CASABLANCA,2016,2152.2236,0.63857156,2058,258.75388,16.86747,20
CONCÓN,2007,637.78918,0.75043052,1921,226.94669,3.1578948,13
CONCÓN,2008,743.78638,0.27252492,1863,227.25664,5.6179776,13
CONCÓN,2009,987.68695,0.5062409,1741,226.28064,2,13
CONCÓN,2010,1052.403,0.35582998,1613,232.20033,3.7037036,9
CONCÓN,2011,1207.7029,0.51174223,1548,238.20313,3.7037036,9
CONCÓN,2012,1364.2445,0.45349652,1489,241.36795,2.9411764,9
CONCÓN,2013,1423.4932,0.62139428,1450,212.52602,5.9405942,21
CONCÓN,2014,1846.2231,0.43899879,1380,236.38954,10,21
CONCÓN,2015,2054.3296,0.53730804,1299,237.47475,11.711712,9
CONCÓN,2016,2171.1284,0.6190868,1347,244.59346,14.655172,9
JUAN FERNÁNDEZ,2007,1311.8,0,140,225.40062,0,
JUAN FERNÁNDEZ,2008,1345.7483,0,143,206.77615,0,
JUAN FERNÁNDEZ,2010,2382.2246,0,98,234.44077,0,0
JUAN FERNÁNDEZ,2011,1876.8016,0,126,261.18555,7.6923075,13
JUAN FERNÁNDEZ,2012,1822.6172,0,128,248.4525,13.333333,13
JUAN FERNÁNDEZ,2013,2400.1812,0,116,273.74249,13.333333,12
JUAN FERNÁNDEZ,2014,2293.6133,0,150,242.063,11.111111,12
JUAN FERNÁNDEZ,2015,2470.8037,0,163,231.93231,5,9
JUAN FERNÁNDEZ,2016,3017.988,0,166,242.07692,9.090909,9
PUCHUNCAVÍ,2007,644.39648,0.75932944,2802,228.18765,2.6666667,17
PUCHUNCAVÍ,2008,698.00146,0.73127788,2685,251.11145,5.9602647,17
PUCHUNCAVÍ,2009,803.43872,0.70849091,2530,245.30898,5.7291665,17
PUCHUNCAVÍ,2010,963.84949,0.59105408,2425,244.98364,5.978261,14
PUCHUNCAVÍ,2011,1015.6561,0.75644439,2370,239.21625,8.125,14
PUCHUNCAVÍ,2012,1039.2443,0.81263673,2416,251.03264,8.4337349,14
PUCHUNCAVÍ,2013,1148.8018,0.8173781,2427,243.65546,9.1463413,17
PUCHUNCAVÍ,2014,1216.9507,1,2455,258.41464,11.60221,17
PUCHUNCAVÍ,2015,1302.9785,1,2463,249.36447,14.20765,15
PUCHUNCAVÍ,2016,1390.8289,1,2519,242.53188,21.621622,15
QUINTERO,2007,793.6723,0.62257951,1892,225.98213,0,16
QUINTERO,2008,953.21008,0.42665482,1928,223.93312,2.4390244,16
QUINTERO,2009,1213.4113,0.46694115,1877,228.55716,3.4482758,16
QUINTERO,2010,1370.4091,0.33035788,1731,218.76468,3.1578948,17
QUINTERO,2011,1385.8231,0.49568442,1770,230.69339,3.2608695,17
QUINTERO,2012,1538.7826,0.41231158,1739,217.35786,4.2105265,17
QUINTERO,2013,1792.8716,0.49730951,1635,248.11911,6.9306931,15
QUINTERO,2014,2351.6741,0.32987025,1568,230.69698,9.9099102,15
QUINTERO,2015,2311.917,0.48126498,1639,235.46001,12.280702,19
QUINTERO,2016,2627.0784,0.49629775,1684,245.68509,11.627907,19
VIÑA DEL MAR,2007,690.19397,0.69650954,23384,231.40277,1.1684518,17
VIÑA DEL MAR,2008,694.81995,0.28943133,22100,232.6165,2.9940119,17
VIÑA DEL MAR,2009,940.33002,0.52443159,20143,235.59868,3.3663366,17
VIÑA DEL MAR,2010,1040.7928,0.32536906,18414,235.76675,3.946002,16
VIÑA DEL MAR,2011,1087.1615,0.59368289,17119,244.48143,4.8507462,16
VIÑA DEL MAR,2012,1334.676,0.45982176,16069,241.92912,3.5986915,16
VIÑA DEL MAR,2013,1342.5688,0.66911197,15500,239.29735,5.0632911,17
VIÑA DEL MAR,2014,1544.3118,0.51012582,15312,236.9435,6.6875653,17
VIÑA DEL MAR,2015,1755.3813,0.64376199,14829,240.04008,8.1951218,14
VIÑA DEL MAR,2016,1831.7566,0.74497342,14060,241.21532,13.179074,14
ISLA DE PASCUA,2007,1274,0,685,206.41035,0,
ISLA DE PASCUA,2008,1538.3353,0,671,215.61162,2,
ISLA DE PASCUA,2009,1664.6771,0,604,244.09334,2,
ISLA DE PASCUA,2010,1833.8553,0,546,208.90909,2.4390244,0
ISLA DE PASCUA,2011,2018.7487,0,545,250.17667,2.3255813,14
ISLA DE PASCUA,2012,2178.4307,0,592,220.71782,2.173913,14
ISLA DE PASCUA,2013,2450.1165,0,592,230.81195,1.7857143,18
ISLA DE PASCUA,2014,2394.5947,0,686,236.96187,1.6666666,18
ISLA DE PASCUA,2015,2808.9121,0,660,202.10323,1.8867924,13
ISLA DE PASCUA,2016,2658.748,0,730,209.86571,3.2258065,13
LOS ANDES,2007,678.7699,0.70595592,7145,228.50008,0,8
LOS ANDES,2008,668.11359,0.32577908,6894,223.15987,2.1406727,8
LOS ANDES,2009,714.15442,0.77551496,7616,216.31401,2.0527859,8
LOS ANDES,2010,912.2049,0.52515823,6549,236.25194,1.9774011,8
LOS ANDES,2011,1056.6462,0.668329,6216,235.6192,2.1604939,8
LOS ANDES,2012,1167.5259,0.5803901,6056,243.17377,1.9169329,8
LOS ANDES,2013,1254.2458,0.71436238,5931,238.43694,2.6627219,8
LOS ANDES,2014,1302.605,0.62654138,5701,229.85788,4.9844236,8
LOS ANDES,2015,1370.7955,0.89241922,5660,229.82472,6.1224489,12
LOS ANDES,2016,1583.6714,0.91181314,5520,251.01242,10.227273,12
CALLE LARGA,2007,725.36224,0.66567641,842,211.59322,3.8461537,11
CALLE LARGA,2008,743.85101,0.31430459,839,203.11581,3.9215686,12
CALLE LARGA,2009,850.16174,0.61822212,878,214.13499,1.5873016,12
CALLE LARGA,2010,1154.6903,0.35762203,833,207.26743,2.6666667,8
CALLE LARGA,2011,1177.5963,0.61729378,1023,226.19429,2.8985507,8
CALLE LARGA,2012,1366.6807,0.51745766,1093,234.68716,2.6666667,8
CALLE LARGA,2013,1364.0208,0.65743822,1106,214.33128,1.2048193,10
CALLE LARGA,2014,1669.9952,0.49321508,1058,217.65662,1.1111112,10
CALLE LARGA,2015,1832.2874,0.6542688,1016,222.71535,2.3529413,16
CALLE LARGA,2016,2017.4465,0.6805557,1039,221.70288,4.3956046,16
RINCONADA,2007,731.24347,0.73796052,653,258.202,0,13
RINCONADA,2008,589.82288,0.33777145,655,216.71153,0,13
RINCONADA,2009,713.33331,0.92915195,654,266.64145,0,13
RINCONADA,2010,525.03412,0.69655359,645,250.1882,0,10
RINCONADA,2011,856.40094,0.72698575,646,268.86426,0,10
RINCONADA,2012,1073.4441,0,716,247.34175,2.6315789,10
RINCONADA,2013,1471.2904,0,723,244.67183,8.333333,10
RINCONADA,2014,1456.6067,0.56022453,778,255.72749,8.1632652,10
RINCONADA,2015,1633.865,0.57915545,800,246.38243,10,21
RINCONADA,2016,1529.1624,0.85112834,967,249.05722,15.384615,21
SAN ESTEBAN,2007,675.02112,0.76526421,1987,236.78174,3.030303,12
SAN ESTEBAN,2008,769.76868,0.66223156,1876,225.16664,2.9702971,12
SAN ESTEBAN,2009,928.03265,0.59527373,1775,228.18823,1.5503876,12
SAN ESTEBAN,2010,1063.7368,0.4851163,1653,230.289,0.81967211,8
SAN ESTEBAN,2011,1204.7463,0.62216866,1624,226.05408,0.86956519,8
SAN ESTEBAN,2012,1288.7969,0.59634519,1659,259.08646,0,8
SAN ESTEBAN,2013,1347.5516,0.69118267,1628,242.15033,2.6086957,13
SAN ESTEBAN,2014,1630.9396,0.76307845,1556,267.45682,2.4390244,13
SAN ESTEBAN,2015,1748.8679,0.70834684,1560,248.33568,5.7377048,15
SAN ESTEBAN,2016,2089.907,0.72297651,1440,253.49202,12.307693,15
LA LIGUA,2007,609.23041,0.80308825,4843,224.28633,1.0256411,20
LA LIGUA,2008,674.21313,0.60676545,4622,231.19598,2.1276596,21
LA LIGUA,2009,802.4491,0.7041409,4342,232.54138,2.0242915,21
LA LIGUA,2010,933.81201,0.5319587,4122,235.80669,1.6393442,15
LA LIGUA,2011,1077.7959,0.6077072,4130,238.87032,2.2857144,15
LA LIGUA,2012,1242.1753,0.51943481,3908,239.34705,1.8604652,15
LA LIGUA,2013,1367.0137,0.68401074,3714,243.77336,2.7149322,26
LA LIGUA,2014,1638.2698,0.47178802,3596,233.06694,5.8823528,26
LA LIGUA,2015,1853.3959,0.59471852,3483,242.14847,9.7777777,18
LA LIGUA,2016,2198.4602,0.60660988,3361,246.86992,14.977974,18
CABILDO,2007,557.45215,0.86973858,3700,217.38333,0,16
CABILDO,2008,594.63892,0.47680202,3631,223.25401,1.1560694,16
CABILDO,2009,683.55743,0.8275162,3733,235.48595,1.3953488,16
CABILDO,2010,779.72314,0.5193032,3688,226.18468,1.4423077,12
CABILDO,2011,875.64459,0.73820591,3489,234.10162,1.6393442,12
CABILDO,2012,946.20996,0.56872803,3453,244.05925,2.2727273,12
CABILDO,2013,1046.3945,0.84611589,3419,230.40848,3.5714285,12
CABILDO,2014,1198.2705,0.66867566,3441,235.71001,3.9408867,12
CABILDO,2015,1293.9689,0.85234416,3370,240.13702,5.2132702,19
CABILDO,2016,1490.5817,0.87968242,3318,226.86421,8.636364,19
PAPUDO,2007,675.38849,0.72120309,749,232.35867,0,14
PAPUDO,2008,811.59839,0.90711498,737,263.79785,3.030303,14
PAPUDO,2009,992.16321,0.60967785,717,246.52579,2.9411764,14
PAPUDO,2010,1069.6552,0.51021266,725,251.93938,3.5714285,13
PAPUDO,2011,1208.3175,0.57798165,715,238.94154,4.4444447,13
PAPUDO,2012,1444.8408,0.51741028,710,264.155,2,13
PAPUDO,2013,1599.7048,0.55929112,637,229.03734,0,16
PAPUDO,2014,1470.9658,0.61462545,615,231.68188,0,16
PAPUDO,2015,2351.0371,0.49287277,566,236.47099,0,9
PAPUDO,2016,2688.53,0.50087863,585,237.16939,5.3571429,9
PETORCA,2007,636.96484,0.78489494,1708,231.37576,0,15
PETORCA,2008,784.52271,0.3361522,1628,227.29047,0,15
PETORCA,2009,923.66895,0.61970073,1604,232.35883,0,15
PETORCA,2010,1035.3298,0.53835911,1528,237.24776,0.74626863,16
PETORCA,2011,1244.059,0.71671307,1375,263.38077,0.98039216,16
PETORCA,2012,1311.7119,0.67665648,1274,255.43907,1.8867924,16
PETORCA,2013,1732.7745,0.55198544,1224,249.09677,2.6315789,15
PETORCA,2014,1898.6975,0.44716305,1200,241.79333,3.3057852,15
PETORCA,2015,2180.3848,0.87468457,1154,259.35999,4.9180326,28
PETORCA,2016,2341.2197,0.59110308,1088,249.6842,8.9285717,28
ZAPALLAR,2007,787.57617,1,899,280.08972,9.2592592,7
ZAPALLAR,2008,945.28107,0.34553728,925,251.50616,14.285714,7
ZAPALLAR,2009,1147.6547,0.69175321,889,275.11075,9.090909,7
ZAPALLAR,2010,1351.5873,0.46960992,865,270.31015,5.8823528,10
ZAPALLAR,2011,1481.6746,0.60924983,891,286.00354,5.0847459,10
ZAPALLAR,2012,1758.0516,0.38422832,891,271.70462,3.125,10
ZAPALLAR,2013,2066.8328,0.42961553,879,253.27831,1.5625,2
ZAPALLAR,2014,2125.4563,0.41084656,894,264.84833,8.8235292,2
ZAPALLAR,2015,2496.9116,0.47503668,929,274.55038,11.688312,22
ZAPALLAR,2016,2574.5969,0.53278899,945,271.82178,20,22
QUILLOTA,2007,569.15363,0.82557315,8559,228.88762,4.4077134,14
QUILLOTA,2008,586.02869,0.345902,7844,227.12486,6.3037248,14
QUILLOTA,2009,775.45343,0.66466773,7699,231.38113,3.3816426,14
QUILLOTA,2010,883.47656,0.42659107,7359,233.76125,3.5714285,15
QUILLOTA,2011,986.69305,0.62325323,7229,246.9993,3.9702234,15
QUILLOTA,2012,1066.8534,0.62100059,6590,242.88667,3.6842105,15
QUILLOTA,2013,1286.5663,0,6541,233.46201,6.8241467,15
QUILLOTA,2014,1680.7246,0,5825,239.33798,7.9896908,15
QUILLOTA,2015,1663.4727,0.61828583,5966,247.81316,10.909091,14
QUILLOTA,2016,1827.8933,0.72444063,5922,247.20065,16.751268,14
CALERA,2007,668.36871,0.7512356,3404,219.75569,0,17
CALERA,2008,656.5802,0.64313787,3511,209.48141,0.70921987,17
CALERA,2009,725.12183,0.78050393,3374,211.26654,0.70921987,17
CALERA,2010,879.80792,0.55265933,3072,230.86433,0.64102566,19
CALERA,2011,1015.0112,0.69266832,2672,221.36716,0.7352941,19
CALERA,2012,1347.8354,0.57311529,2479,234.69821,0,19
CALERA,2013,1505.8663,0.59361839,2357,227.56714,0,27
CALERA,2014,1795.9355,0.45235157,2279,221.73611,0,27
CALERA,2015,2061.3904,0.55990988,2223,231.34326,1.8181819,23
CALERA,2016,2521.7966,0.53838414,2046,238.82942,8.4337349,23
HIJUELAS,2007,595.85101,0.81269395,2222,235.48256,5.7142859,6
HIJUELAS,2008,656.54059,0.42628166,2131,237.57347,7.1428571,7
HIJUELAS,2009,841.77063,0.67268223,2014,237.59058,3.90625,7
HIJUELAS,2010,909.39343,0.54342383,1942,232.07242,3.2258065,15
HIJUELAS,2011,1002.518,0.71361142,1915,224.09113,4.1666665,15
HIJUELAS,2012,1080.5529,0.70347357,1903,236.97728,2.4793389,15
HIJUELAS,2013,1261.1027,0.70714825,1763,233.73264,3.1007752,16
HIJUELAS,2014,1467.2943,0.53006881,1740,243.11369,2.173913,16
HIJUELAS,2015,1634.1221,0.69215989,1622,245.42,3.7878788,19
HIJUELAS,2016,1845.6863,0.70649725,1616,240.80286,5.109489,19
LA CRUZ,2007,688.09741,0.72493738,1191,239.14923,5.1724138,12
LA CRUZ,2008,711.19965,0.48204383,1207,246.063,5,12
LA CRUZ,2009,805.44769,0.64319593,1204,221.58083,1.1627907,12
LA CRUZ,2010,914.07904,0.39603168,1215,237.00932,0,16
LA CRUZ,2011,1052.9729,0.61497939,1180,237.00511,0,16
LA CRUZ,2012,1234.7806,0.37936988,1158,234.69781,0,16
LA CRUZ,2013,1419.3416,0.62193763,1060,240.43216,3.5714285,11
LA CRUZ,2014,1723.3767,0.47327194,977,217.28922,3.8461537,11
LA CRUZ,2015,1901.8751,0.58089298,937,248.81868,3.7037036,24
LA CRUZ,2016,2297.1946,0.58365673,868,244.23779,3.8461537,24
NOGALES,2007,622.66339,0.78982288,1934,204.22679,1.1494253,18
NOGALES,2008,680.27948,0.2917996,1864,203.11772,5.1282053,18
NOGALES,2009,747.27026,0.70605379,1728,207.92839,3.2258065,18
NOGALES,2010,851.81989,0.47101167,1477,214.2917,3.75,17
NOGALES,2011,1019.326,0.5970118,1319,239.71291,3.7037036,17
NOGALES,2012,1183.9667,0.40245754,1292,237.96428,0,17
NOGALES,2013,1159.2494,0.76554537,1267,230.67284,10.126582,21
NOGALES,2014,1579.0724,0.51633185,1174,248.49663,8.9887638,21
NOGALES,2015,1888.0142,0.53017092,1198,247.78989,12,17
NOGALES,2016,2004.1339,0.64593905,1284,248.14378,16.513762,17
SAN ANTONIO,2007,555.70557,0.84520501,7302,218.36937,0.71942449,24
SAN ANTONIO,2008,602.40491,0.40387055,6806,211.15172,2.6119404,24
SAN ANTONIO,2009,726.29694,0.75653768,6305,217.61101,2,24
SAN ANTONIO,2010,785.47382,0.57989687,6167,226.07043,2.189781,19
SAN ANTONIO,2011,863.31647,0.81239921,6257,232.07401,2.0477815,19
SAN ANTONIO,2012,955.24921,0.72527224,6023,243.64725,0.955414,19
SAN ANTONIO,2013,1026.0748,0.86020374,6177,234.72682,1.1594203,20
SAN ANTONIO,2014,1161.7474,0.6814391,6102,240.6613,3.3240998,20
SAN ANTONIO,2015,1376.166,0.7604335,6138,247.49692,3.8265307,19
SAN ANTONIO,2016,1551.7329,0.85597605,6094,258.28983,6.9825435,19
ALGARROBO,2007,760.54272,0.63357764,1275,211.43538,1.7241379,11
ALGARROBO,2008,760.45081,0.31895369,1240,206.69945,1.8518518,11
ALGARROBO,2009,891.09521,0.61174649,1187,222.84435,1.6666666,11
ALGARROBO,2010,929.24182,0.49382159,1220,213.1714,1.7543859,6
ALGARROBO,2011,1015.609,0.67716485,1220,240.80283,1.6666666,6
ALGARROBO,2012,1141.8094,0.5780341,1212,240.32857,0,6
ALGARROBO,2013,1387.0331,0.64421493,1149,225.58585,1.4705882,1
ALGARROBO,2014,1922.0038,0.4076671,1070,241.19412,2.8571429,1
ALGARROBO,2015,2029.3561,0.51235849,1053,223.38852,3.125,10
ALGARROBO,2016,2268.3582,0.57487494,1047,227.95596,4.6875,10
CARTAGENA,2007,496.00168,1,2392,232.46925,1.1494253,25
CARTAGENA,2008,599.06073,0.34746161,2288,222.0405,3.2258065,25
CARTAGENA,2009,726.95319,0.72921294,2265,231.85274,2.6785715,25
CARTAGENA,2010,809.96973,0.47380149,2116,233.42157,2.8571429,20
CARTAGENA,2011,958.18463,0.6454857,2031,236.3226,2,20
CARTAGENA,2012,1143.8667,0.49776563,1815,255.88895,2.1978023,20
CARTAGENA,2013,1189.389,0.73754239,1740,247.33492,1.980198,24
CARTAGENA,2014,1421.1024,0.60485035,1729,232.52512,2.8301888,24
CARTAGENA,2015,1522.8256,0.67865741,1886,232.96474,7.3394494,23
CARTAGENA,2016,1697.995,0.77601546,2003,226.53398,13.934426,23
EL QUISCO,2007,634.89575,0.76857847,1209,235.87733,1.5625,11
EL QUISCO,2008,635.36023,0.31955457,1238,219.48419,1.8518518,11
EL QUISCO,2009,756.44739,0.72404176,1178,240.70882,1.7241379,11
EL QUISCO,2010,901.08698,0.45398456,1138,223.89766,1.8518518,12
EL QUISCO,2011,1105.7888,0.5987193,1037,232.09578,2.0408163,12
EL QUISCO,2012,1133.7883,0.53460944,1006,236.48,1.8867924,12
EL QUISCO,2013,1286.8834,0.71281356,995,251.90704,1.9230769,16
EL QUISCO,2014,1385.3521,0.55947936,1054,236.38272,1.7543859,16
EL QUISCO,2015,1406.42,0.82872134,1226,237.46082,2.8571429,14
EL QUISCO,2016,1745.6147,0.75786281,1238,235.38275,9.333333,14
EL TABO,2007,780.23309,0,785,231.28215,0,
EL TABO,2008,840.46167,0.23941544,717,221.34572,0,8
EL TABO,2009,976.39783,0.53993946,729,233.90532,0,8
EL TABO,2010,1220.837,0.40190497,669,237.26056,0,8
EL TABO,2011,1215.7305,0.60919517,653,233.7151,0,8
EL TABO,2012,1371.3795,0.58903438,693,251.30197,2.2222223,8
EL TABO,2013,1456.3713,0.61577886,746,235.54417,2.2727273,15
EL TABO,2014,1589.4104,0.58149725,731,256.35135,7.8947368,15
EL TABO,2015,1619.3188,0.83750159,784,264.95612,12.5,5
EL TABO,2016,1893.7213,0.67602402,872,228.03049,12.244898,5
SANTO DOMINGO,2007,628.86243,0,1083,258.37851,6.6666665,
SANTO DOMINGO,2008,728.5097,0.65480089,1030,250.82016,4.1666665,4
SANTO DOMINGO,2009,930.70593,0.56934816,1027,238.28548,3.3898306,4
SANTO DOMINGO,2010,1138.9227,0.3252365,957,246.0087,3.2258065,8
SANTO DOMINGO,2011,1374.3298,0.51801413,958,268.01755,1.9607843,8
SANTO DOMINGO,2012,1547.7333,0.40919432,971,276.46103,2.0408163,8
SANTO DOMINGO,2013,1751.8962,0.50549155,1022,258.08167,3.3333333,1
SANTO DOMINGO,2014,2082.501,0.43315411,1038,261.20166,4.2253523,1
SANTO DOMINGO,2015,2073.3855,0.5494464,1079,258.75131,3.3898306,11
SANTO DOMINGO,2016,2306.3586,0.62053615,1090,263.58585,11.47541,11
SAN FELIPE,2007,635.88403,0.77313268,9063,221.08295,1.4742014,16
SAN FELIPE,2008,604.87793,0.40447479,8251,224.46776,1.9390582,16
SAN FELIPE,2009,723.46051,0.76336849,8017,228.14122,1.1389521,16
SAN FELIPE,2010,882.74884,0.51945066,7490,227.72209,1.0964912,13
SAN FELIPE,2011,914.32776,0.82078302,7267,227.87152,1.0126582,13
SAN FELIPE,2012,1071.7701,0.69710672,7000,237.50156,1.9138756,13
SAN FELIPE,2013,1231.2284,0.72910768,6763,221.52151,2.1176472,19
SAN FELIPE,2014,1570.1938,0.54129481,6555,228.81042,2.5423729,19
SAN FELIPE,2015,1743.8966,0.62118262,6641,229.48044,4.6255507,13
SAN FELIPE,2016,1995.0691,0.66572511,6662,240.27757,7.495069,13
CATEMU,2007,692.83679,0.70064157,1495,209.73544,1.0309278,15
CATEMU,2008,835.35779,0.29481739,1392,220.9075,1.0638298,15
CATEMU,2009,958.6051,0.5985117,1294,224.13499,0.87719297,15
CATEMU,2010,1375.4937,0.36374393,1191,218.18736,0.81967211,10
CATEMU,2011,1420.1482,0.54323077,1161,226.06865,0,10
CATEMU,2012,1697.1813,0.42031258,1203,233.72556,0,10
CATEMU,2013,1681.9243,0.52946538,1309,236.74313,0.92592591,5
CATEMU,2014,1846.0846,0.44742846,1466,234.41864,1.6129032,5
CATEMU,2015,1981.8042,0.52203053,1553,249.67055,3.2258065,21
CATEMU,2016,2458.812,0.51442736,1649,246.70114,6.1538463,21
LLAILLAY,2007,585.45148,0.84575433,3050,227.29295,2.0979021,8
LLAILLAY,2008,659.23981,0.56536406,2927,209.51895,2.9850745,8
LLAILLAY,2009,682.73505,0.78261882,2857,242.19279,1.2987013,8
LLAILLAY,2010,887.0896,0.47210544,2646,223.62943,1.1428572,16
LLAILLAY,2011,927.34271,0.69538248,2556,238.74072,1.5748031,16
LLAILLAY,2012,1062.7689,0.60917664,2531,241.5815,1.2658228,16
LLAILLAY,2013,1138.5277,0.79090124,2418,251.74863,5,15
LLAILLAY,2014,1337.2704,0.60325038,2423,234.48814,6.1728396,15
LLAILLAY,2015,1518.2174,0.69670516,2314,240.96805,7.9268293,26
LLAILLAY,2016,1769.6018,0.73439175,2358,232.91446,10.465117,26
PANQUEHUE,2007,746.83643,0.66743016,856,243.15596,7.0175438,10
PANQUEHUE,2008,824.09027,0.42200416,831,247.87283,12.698413,10
PANQUEHUE,2009,1003.8049,0.54890102,866,236.44798,7.7777777,10
PANQUEHUE,2010,1131.8737,0.3702186,1005,227.69214,7.2916665,12
PANQUEHUE,2011,1256.4716,0.55382729,1003,249.28813,7.3170733,12
PANQUEHUE,2012,1352.9446,0.63406485,1011,260.49557,9.3023252,12
PANQUEHUE,2013,1534.0684,0.57867193,1039,225.14545,3.9603961,10
PANQUEHUE,2014,1694.375,0.60563272,976,245.07422,6.3829789,10
PANQUEHUE,2015,1873.2186,0.62391192,979,234.34027,12,14
PANQUEHUE,2016,2253.8701,0.63833958,963,249.18111,14.851485,14
PUTAENDO,2007,697.47174,0.68769276,1751,208.09616,2.3255813,20
PUTAENDO,2008,822.21423,0.3278853,1629,222.25339,5.7471266,20
PUTAENDO,2009,1009.1346,0.54664171,1567,225.12381,2.9629629,20
PUTAENDO,2010,1234.6365,0.34121975,1532,239.13707,1.9480519,10
PUTAENDO,2011,1304.793,0.50058842,1444,241.7216,2.4590163,10
PUTAENDO,2012,706.13635,0.80199653,1423,248.45432,0.97087377,10
PUTAENDO,2013,1598.5465,0.55201328,1345,218.06982,2.6785715,16
PUTAENDO,2014,1344.7239,0.64759159,1369,230.48331,2.3255813,16
PUTAENDO,2015,2065.9353,0.56283021,1315,229.69386,4.5801525,19
PUTAENDO,2016,2660.4316,0.49690008,1242,222.17244,6.3829789,19
SANTA MARÍA,2007,773.26605,0.6391294,1248,218.81924,1.5625,16
SANTA MARÍA,2008,826.67041,0.30809984,1150,207.13269,3.030303,16
SANTA MARÍA,2009,1070.9666,0.4777855,1137,231.8226,2.1276596,16
SANTA MARÍA,2010,1256.3032,0.32711539,1095,218.05833,0.99009901,9
SANTA MARÍA,2011,1446.5719,0.47749093,1084,254.44743,1.1235955,9
SANTA MARÍA,2012,1550.2985,0.42216066,1109,235.38834,1.0752689,9
SANTA MARÍA,2013,1764.1676,0.51704925,1074,255.67346,1.0989012,17
SANTA MARÍA,2014,1977.5723,0.39907199,1066,214.84508,1.0204082,17
SANTA MARÍA,2015,2203.0952,0.49276152,1018,236.04059,1.1904762,27
SANTA MARÍA,2016,2435.6863,0.5480662,931,237.63936,4.7058825,27
QUILPUÉ,2007,632.45203,0.71786785,11366,224.647,2.5157232,11
QUILPUÉ,2008,719.49658,0.28377953,10846,231.83524,3.6016948,11
QUILPUÉ,2009,847.66931,0.63569617,10550,226.3291,3.1034484,11
QUILPUÉ,2010,977.46295,0.4171508,9895,232.8017,2.909091,13
QUILPUÉ,2011,1031.0455,0.65815878,9366,236.10121,2.7422304,13
QUILPUÉ,2012,1213.9957,0.55245399,8548,238.24615,3.4671533,13
QUILPUÉ,2013,1345.036,0.65578258,8284,234.35384,4.2201834,16
QUILPUÉ,2014,1451.972,0.62759209,7573,232.76149,6.0773482,16
QUILPUÉ,2015,1865.2421,0.5102886,7414,233.22929,7.4141049,10
QUILPUÉ,2016,1593.0452,0.8600812,7203,239.45439,12.007169,10
LIMACHE,2007,651.36438,0.76148927,3672,230.89392,0.625,19
LIMACHE,2008,665.35706,0.45671365,3389,233.12,2.5974026,19
LIMACHE,2009,779.2312,0.71991247,3101,226.76207,4.242424,19
LIMACHE,2010,930.28015,0.42837238,2934,230.31433,4.0935674,12
LIMACHE,2011,1117.8672,0.56084025,2749,235.27568,4.6979866,12
LIMACHE,2012,1339.5101,0.37368259,2460,232.79475,4.2944784,12
LIMACHE,2013,1392.9767,0.62763786,2319,227.83864,4.1420116,31
LIMACHE,2014,1634.3905,0.52162397,2246,241.017,4.0229883,31
LIMACHE,2015,1801.6317,0.44774142,2254,238.75887,6.5476189,25
LIMACHE,2016,1999.6863,0.64974242,2365,242.88696,13.812155,25
OLMUÉ,2007,759.64117,0.63885868,1778,222.66022,3.4883721,14
OLMUÉ,2008,828.28906,0.36212596,1650,234.58598,3.6144578,14
OLMUÉ,2009,952.80817,0.59008723,1637,231.61418,1.9607843,14
OLMUÉ,2010,1042.3086,0.46467525,1620,226.08632,1.9417475,10
OLMUÉ,2011,1235.2869,0.59572142,1534,242.82544,2.0618556,10
OLMUÉ,2012,1344.5338,0.61187381,1555,251.67999,0.91743118,10
OLMUÉ,2013,1428.4946,0.64184421,1587,241.1133,1.7543859,16
OLMUÉ,2014,1790.2968,0.4436774,1533,252.6712,4.9586778,16
OLMUÉ,2015,1905.9316,0.57059991,1566,237.83044,8.0645161,23
OLMUÉ,2016,2055.2964,0.64760917,1555,243.21701,12.5,23
VILLA ALEMANA,2007,654.58612,0.72588158,7662,225.40546,3.2258065,17
VILLA ALEMANA,2008,725.2641,0.38763195,7475,223.76985,3.7735848,17
VILLA ALEMANA,2009,703.54498,0.74407071,6969,240.83801,2.4456522,17
VILLA ALEMANA,2010,964.13635,0.37466758,6690,242.37547,2.8011205,16
VILLA ALEMANA,2011,1191.5963,0.54108655,6155,249.93196,3.1347961,16
VILLA ALEMANA,2012,1396.1875,0.43644109,5578,255.30559,4.2704625,16
VILLA ALEMANA,2013,1365.0818,0.64069599,5318,242.12633,6.4846416,15
VILLA ALEMANA,2014,1486.7728,0.54786354,5151,240.6264,8.0745344,15
VILLA ALEMANA,2015,1574.7798,0.62996322,5331,245.23744,13.030303,13
VILLA ALEMANA,2016,1714.1317,0.75410002,5155,251.13284,18.76923,13
